{
  "hotel-pricerange": {
    "precision": 0.9634703196347032,
    "recall": 0.9976359338061466,
    "f1-score": 0.9802555168408827,
    "support": 423,
    "confused_with": {}
  },
  "hotel-area": {
    "precision": 0.8877551020408163,
    "recall": 0.9702602230483272,
    "f1-score": 0.9271758436944938,
    "support": 269,
    "confused_with": {
      "hotel-type": 1
    }
  },
  "hotel-parking": {
    "precision": 0.9615384615384616,
    "recall": 0.8928571428571429,
    "f1-score": 0.9259259259259259,
    "support": 28,
    "confused_with": {
      "hotel-internet": 2
    }
  },
  "hotel-bookpeople": {
    "precision": 0.8944444444444445,
    "recall": 0.8518518518518519,
    "f1-score": 0.8726287262872628,
    "support": 378,
    "confused_with": {
      "hotel-bookstay": 54
    }
  },
  "hotel-stars": {
    "precision": 0.918918918918919,
    "recall": 0.9754098360655737,
    "f1-score": 0.9463220675944334,
    "support": 244,
    "confused_with": {
      "hotel-pricerange": 2
    }
  },
  "hotel-bookday": {
    "precision": 0.9458483754512635,
    "recall": 0.9562043795620438,
    "f1-score": 0.9509981851179674,
    "support": 274,
    "confused_with": {}
  },
  "hotel-type": {
    "precision": 0.7279411764705882,
    "recall": 0.8646288209606987,
    "f1-score": 0.7904191616766466,
    "support": 229,
    "confused_with": {}
  },
  "hotel-name": {
    "precision": 0.9934065934065934,
    "recall": 0.9992630803242447,
    "f1-score": 0.9963262307127113,
    "support": 1357,
    "confused_with": {
      "hotel-pricerange": 1
    }
  },
  "hotel-bookstay": {
    "precision": 0.7650130548302873,
    "recall": 0.979933110367893,
    "f1-score": 0.8592375366568915,
    "support": 299,
    "confused_with": {
      "hotel-bookpeople": 6
    }
  },
  "hotel-internet": {
    "precision": 0.8666666666666667,
    "recall": 0.9629629629629629,
    "f1-score": 0.912280701754386,
    "support": 27,
    "confused_with": {}
  },
  "micro avg": {
    "precision": 0.9187365010799136,
    "recall": 0.9645691609977324,
    "f1-score": 0.9410951327433628,
    "support": 3528
  },
  "macro avg": {
    "precision": 0.8925003113402743,
    "recall": 0.9451007341806885,
    "f1-score": 0.91615698962616,
    "support": 3528
  },
  "weighted avg": {
    "precision": 0.9245028332557161,
    "recall": 0.9645691609977324,
    "f1-score": 0.9427092808288743,
    "support": 3528
  }
}