{
  "deny": {
    "precision": 1.0,
    "recall": 1.0,
    "f1-score": 1.0,
    "support": 2,
    "confused_with": {}
  },
  "greet": {
    "precision": 1.0,
    "recall": 1.0,
    "f1-score": 1.0,
    "support": 3,
    "confused_with": {}
  },
  "book_hotel": {
    "precision": 0.9808383233532935,
    "recall": 0.9831932773109243,
    "f1-score": 0.9820143884892086,
    "support": 833,
    "confused_with": {
      "find_hotel": 14
    }
  },
  "find_hotel": {
    "precision": 0.9927272727272727,
    "recall": 0.9916969382459782,
    "f1-score": 0.9922118380062305,
    "support": 1927,
    "confused_with": {
      "book_hotel": 16
    }
  },
  "mood_unhappy": {
    "precision": 1.0,
    "recall": 1.0,
    "f1-score": 1.0,
    "support": 3,
    "confused_with": {}
  },
  "affirm": {
    "precision": 1.0,
    "recall": 1.0,
    "f1-score": 1.0,
    "support": 1,
    "confused_with": {}
  },
  "mood_great": {
    "precision": 1.0,
    "recall": 1.0,
    "f1-score": 1.0,
    "support": 2,
    "confused_with": {}
  },
  "bot_challenge": {
    "precision": 1.0,
    "recall": 1.0,
    "f1-score": 1.0,
    "support": 1,
    "confused_with": {}
  },
  "goodbye": {
    "precision": 1.0,
    "recall": 1.0,
    "f1-score": 1.0,
    "support": 2,
    "confused_with": {}
  },
  "accuracy": 0.989185291997116,
  "macro avg": {
    "precision": 0.9970628440089517,
    "recall": 0.997210023950767,
    "f1-score": 0.9971362473883821,
    "support": 2774
  },
  "weighted avg": {
    "precision": 0.9891938636981789,
    "recall": 0.989185291997116,
    "f1-score": 0.9891889680784127,
    "support": 2774
  }
}